[{"model": "admin.logentry", "pk": 1, "fields": {"action_time": "2022-06-15T21:31:42.213Z", "user": 1, "content_type": 17, "object_id": "1", "object_repr": "great product", "action_flag": 2, "change_message": "[{\"changed\": {\"fields\": [\"Status\"]}}]"}}, {"model": "admin.logentry", "pk": 2, "fields": {"action_time": "2022-06-15T21:32:30.781Z", "user": 1, "content_type": 17, "object_id": "1", "object_repr": "great product", "action_flag": 2, "change_message": "[]"}}, {"model": "admin.logentry", "pk": 3, "fields": {"action_time": "2022-06-16T21:27:01.395Z", "user": 1, "content_type": 18, "object_id": "1", "object_repr": "Comment bdhvbyhjvcbj n by dvcvxf", "action_flag": 1, "change_message": "[{\"added\": {}}]"}}, {"model": "admin.logentry", "pk": 4, "fields": {"action_time": "2022-06-16T21:41:38.129Z", "user": 1, "content_type": 18, "object_id": "2", "object_repr": "Comment vhcxdvbyhrdvtunxbvc by gggg", "action_flag": 1, "change_message": "[{\"added\": {}}]"}}, {"model": "admin.logentry", "pk": 5, "fields": {"action_time": "2022-06-16T21:41:58.794Z", "user": 1, "content_type": 18, "object_id": "3", "object_repr": "Comment not approved comment by vgcdvyr", "action_flag": 1, "change_message": "[{\"added\": {}}]"}}, {"model": "admin.logentry", "pk": 6, "fields": {"action_time": "2022-06-16T21:59:35.931Z", "user": 1, "content_type": 18, "object_id": "3", "object_repr": "Comment not approved comment by vgcdvyr", "action_flag": 2, "change_message": "[{\"changed\": {\"fields\": [\"Approved\"]}}]"}}, {"model": "admin.logentry", "pk": 7, "fields": {"action_time": "2022-06-16T23:05:19.785Z", "user": 1, "content_type": 17, "object_id": "2", "object_repr": "test3", "action_flag": 2, "change_message": "[{\"changed\": {\"fields\": [\"Status\"]}}]"}}, {"model": "admin.logentry", "pk": 8, "fields": {"action_time": "2022-06-16T23:32:55.403Z", "user": 1, "content_type": 18, "object_id": "6", "object_repr": "Comment new 3 by admin", "action_flag": 3, "change_message": ""}}, {"model": "admin.logentry", "pk": 9, "fields": {"action_time": "2022-06-16T23:32:55.433Z", "user": 1, "content_type": 18, "object_id": "7", "object_repr": "Comment new 3 by admin", "action_flag": 3, "change_message": ""}}, {"model": "admin.logentry", "pk": 10, "fields": {"action_time": "2022-06-16T23:32:55.437Z", "user": 1, "content_type": 18, "object_id": "8", "object_repr": "Comment new 3 by admin", "action_flag": 3, "change_message": ""}}, {"model": "admin.logentry", "pk": 11, "fields": {"action_time": "2022-06-17T00:17:17.234Z", "user": 1, "content_type": 18, "object_id": "2", "object_repr": "Comment vhcxdvbyhrdvtunxbvc by gggg", "action_flag": 2, "change_message": "[{\"changed\": {\"fields\": [\"Approved\"]}}]"}}, {"model": "admin.logentry", "pk": 12, "fields": {"action_time": "2022-06-17T00:17:28.286Z", "user": 1, "content_type": 18, "object_id": "4", "object_repr": "Comment test new comment form1 by admin", "action_flag": 2, "change_message": "[{\"changed\": {\"fields\": [\"Approved\"]}}]"}}, {"model": "admin.logentry", "pk": 13, "fields": {"action_time": "2022-06-17T00:21:52.352Z", "user": 1, "content_type": 18, "object_id": "5", "object_repr": "Comment new 3 by admin", "action_flag": 2, "change_message": "[{\"changed\": {\"fields\": [\"Approved\"]}}]"}}, {"model": "admin.logentry", "pk": 14, "fields": {"action_time": "2022-06-17T00:22:07.418Z", "user": 1, "content_type": 18, "object_id": "5", "object_repr": "Comment new 3 by admin", "action_flag": 3, "change_message": ""}}, {"model": "admin.logentry", "pk": 15, "fields": {"action_time": "2022-06-17T00:22:07.419Z", "user": 1, "content_type": 18, "object_id": "9", "object_repr": "Comment new test 3 comment by admin", "action_flag": 3, "change_message": ""}}, {"model": "admin.logentry", "pk": 16, "fields": {"action_time": "2022-06-17T00:29:59.912Z", "user": 1, "content_type": 18, "object_id": "11", "object_repr": "Comment test 4 by admin", "action_flag": 3, "change_message": ""}}, {"model": "admin.logentry", "pk": 17, "fields": {"action_time": "2022-06-17T00:29:59.914Z", "user": 1, "content_type": 18, "object_id": "12", "object_repr": "Comment test 4 by admin", "action_flag": 3, "change_message": ""}}, {"model": "admin.logentry", "pk": 18, "fields": {"action_time": "2022-06-17T00:29:59.915Z", "user": 1, "content_type": 18, "object_id": "13", "object_repr": "Comment test 4 by admin", "action_flag": 3, "change_message": ""}}, {"model": "admin.logentry", "pk": 19, "fields": {"action_time": "2022-06-17T00:29:59.916Z", "user": 1, "content_type": 18, "object_id": "14", "object_repr": "Comment test 4 by admin", "action_flag": 3, "change_message": ""}}, {"model": "admin.logentry", "pk": 20, "fields": {"action_time": "2022-06-17T01:12:06.838Z", "user": 1, "content_type": 18, "object_id": "4", "object_repr": "Comment test new comment 1 by admin", "action_flag": 3, "change_message": ""}}, {"model": "admin.logentry", "pk": 21, "fields": {"action_time": "2022-06-17T01:12:06.839Z", "user": 1, "content_type": 18, "object_id": "10", "object_repr": "Comment test 4 updated again by admin", "action_flag": 3, "change_message": ""}}, {"model": "admin.logentry", "pk": 22, "fields": {"action_time": "2022-06-17T01:12:06.840Z", "user": 1, "content_type": 18, "object_id": "15", "object_repr": "Comment gcrsvgc by admin", "action_flag": 3, "change_message": ""}}, {"model": "admin.logentry", "pk": 23, "fields": {"action_time": "2022-06-17T01:36:01.956Z", "user": 1, "content_type": 17, "object_id": "3", "object_repr": "good fitting pipes", "action_flag": 2, "change_message": "[{\"changed\": {\"fields\": [\"Status\"]}}]"}}, {"model": "admin.logentry", "pk": 24, "fields": {"action_time": "2022-06-17T20:57:23.152Z", "user": 1, "content_type": 17, "object_id": "4", "object_repr": "test55", "action_flag": 3, "change_message": ""}}, {"model": "admin.logentry", "pk": 25, "fields": {"action_time": "2022-06-17T21:11:06.582Z", "user": 1, "content_type": 18, "object_id": "21", "object_repr": "Comment test comment for admin by admin", "action_flag": 3, "change_message": ""}}, {"model": "admin.logentry", "pk": 26, "fields": {"action_time": "2022-06-17T21:14:58.988Z", "user": 1, "content_type": 18, "object_id": "22", "object_repr": "Comment test comment by admin", "action_flag": 2, "change_message": "[{\"changed\": {\"fields\": [\"Approved\"]}}]"}}, {"model": "admin.logentry", "pk": 27, "fields": {"action_time": "2022-06-17T23:45:03.940Z", "user": 1, "content_type": 16, "object_id": "22", "object_repr": "Air Filter element toyota vvti", "action_flag": 2, "change_message": "[{\"changed\": {\"fields\": [\"On sale\"]}}]"}}, {"model": "admin.logentry", "pk": 28, "fields": {"action_time": "2022-06-18T00:42:12.324Z", "user": 1, "content_type": 16, "object_id": "13", "object_repr": "5 point racing harness", "action_flag": 2, "change_message": "[{\"changed\": {\"fields\": [\"Suits\", \"On sale\", \"Has sizes\"]}}]"}}, {"model": "admin.logentry", "pk": 29, "fields": {"action_time": "2022-06-18T00:42:34.685Z", "user": 1, "content_type": 16, "object_id": "14", "object_repr": "Racing fireproof suit", "action_flag": 2, "change_message": "[{\"changed\": {\"fields\": [\"Suits\", \"On sale\", \"Has sizes\"]}}]"}}, {"model": "admin.logentry", "pk": 30, "fields": {"action_time": "2022-06-19T20:57:00.353Z", "user": 1, "content_type": 22, "object_id": "1", "object_repr": "admin's Favourites", "action_flag": 1, "change_message": "[{\"added\": {}}]"}}, {"model": "admin.logentry", "pk": 31, "fields": {"action_time": "2022-06-19T20:57:06.438Z", "user": 1, "content_type": 22, "object_id": "1", "object_repr": "admin's Favourites", "action_flag": 2, "change_message": "[]"}}, {"model": "admin.logentry", "pk": 32, "fields": {"action_time": "2022-06-19T20:57:26.153Z", "user": 1, "content_type": 22, "object_id": "1", "object_repr": "admin's Favourites", "action_flag": 2, "change_message": "[]"}}, {"model": "admin.logentry", "pk": 33, "fields": {"action_time": "2022-06-19T20:59:51.056Z", "user": 1, "content_type": 22, "object_id": "1", "object_repr": "admin's Favourites", "action_flag": 2, "change_message": "[]"}}, {"model": "admin.logentry", "pk": 34, "fields": {"action_time": "2022-06-19T21:08:38.334Z", "user": 1, "content_type": 22, "object_id": "1", "object_repr": "admin's Favourites", "action_flag": 2, "change_message": "[{\"changed\": {\"fields\": [\"Products\"]}}]"}}, {"model": "admin.logentry", "pk": 35, "fields": {"action_time": "2022-06-19T23:57:46.075Z", "user": 1, "content_type": 22, "object_id": "2", "object_repr": "admin's Favourites", "action_flag": 2, "change_message": "[{\"changed\": {\"fields\": [\"Products\"]}}]"}}, {"model": "admin.logentry", "pk": 36, "fields": {"action_time": "2022-06-19T23:57:49.242Z", "user": 1, "content_type": 22, "object_id": "2", "object_repr": "admin's Favourites", "action_flag": 2, "change_message": "[{\"changed\": {\"fields\": [\"Products\"]}}]"}}, {"model": "admin.logentry", "pk": 37, "fields": {"action_time": "2022-06-19T23:58:05.026Z", "user": 1, "content_type": 22, "object_id": "2", "object_repr": "admin's Favourites", "action_flag": 2, "change_message": "[{\"changed\": {\"fields\": [\"Products\"]}}]"}}, {"model": "admin.logentry", "pk": 38, "fields": {"action_time": "2022-06-20T00:07:14.064Z", "user": 1, "content_type": 22, "object_id": "3", "object_repr": "admin's Favourites", "action_flag": 1, "change_message": "[{\"added\": {}}]"}}, {"model": "admin.logentry", "pk": 39, "fields": {"action_time": "2022-06-20T00:26:01.718Z", "user": 1, "content_type": 22, "object_id": "9", "object_repr": "test2's Favourites", "action_flag": 1, "change_message": "[{\"added\": {}}]"}}, {"model": "auth.user", "pk": 1, "fields": {"password": "pbkdf2_sha256$260000$P9ts5SjCK8OiHg1IHBNvt8$AE9nLEoF/qOj+n3nSkVreQ4AiteUfp67zPAQilFjLsQ=", "last_login": "2022-06-21T21:16:59.515Z", "is_superuser": true, "username": "admin", "first_name": "brian", "last_name": "S", "email": "test@admin.com", "is_staff": true, "is_active": true, "date_joined": "2022-06-15T20:21:49.395Z", "groups": [], "user_permissions": []}}, {"model": "auth.user", "pk": 2, "fields": {"password": "pbkdf2_sha256$260000$9QYW05o8DGdcDT8wp1VCxN$0omzUh5S2gGVaUx7sxdeh+XvUKAxjz9BxeX5cFk3oi4=", "last_login": null, "is_superuser": false, "username": "test2", "first_name": "", "last_name": "", "email": "fff@fff.com", "is_staff": false, "is_active": true, "date_joined": "2022-06-16T21:40:01.013Z", "groups": [], "user_permissions": []}}, {"model": "auth.user", "pk": 3, "fields": {"password": "pbkdf2_sha256$260000$GK1aFrgCmReTTPGrcg8IbX$S+c7vO6pjEjTtAPGyf7cLZRxJcMc5NBHa0WjgdFwzEQ=", "last_login": null, "is_superuser": false, "username": "test3", "first_name": "", "last_name": "", "email": "fffff@fff.fff", "is_staff": false, "is_active": true, "date_joined": "2022-06-16T21:40:50.417Z", "groups": [], "user_permissions": []}}, {"model": "sessions.session", "pk": "1oskf47spvhff9gx44mn9k8m1zg92wx5", "fields": {"session_data": ".eJxVjMsKwjAQAP8lZwl5dJPGo3e_IWy7WxuVRJoWFPHfJdCDXmeGeYuI2zrHrfISE4mj0OLwywYcb5yboCvmS5FjyeuSBtkSudsqz4X4ftrbv8GMdW5by-QhEHkOpg8KmJ0zvbJoYbKOlGcPHQatJ3Cmg1H3wQAyGwcqKNOmlWtNJUd-PtLyEkf1-QJR2j3T:1o3lF5:kxbuRvSsl5a0ieFNVdLM_0Qc_rMFTI4vrzW6kDfvtes", "expire_date": "2022-07-05T21:16:59.560Z"}}, {"model": "sessions.session", "pk": "28oo6xvowr8vmuda93zohr0m0pib8el9", "fields": {"session_data": ".eJxVjEsOwiAUAO_C2hA-fVC6dO8ZyGt5tagBA63RGO9uSLrQ7cxk3szjti5-q1R8DGxgkh1-2YjTlVIT4YLpnPmU01riyFvCd1v5KQe6Hff2b7BgXdpWU7DgQrDkVO8EEBmjeqFRw6xNEJYsdOiknMGoDibZOwVIpAwIJ1SbVqo15uTpeY_lxQZxYBUf5GOaMxvWstHnC59qQ_c:1o2MdH:aTt-vqK9SLAAZIzHsmSLgc4_G2-90a7vXVE_3nRfqaA", "expire_date": "2022-07-02T00:48:11.873Z"}}, {"model": "sessions.session", "pk": "c5jm9xiv12czrcdtods3xvyfk4dgxwiz", "fields": {"session_data": ".eJxVjMsKwjAQAP8lZwl5dJPGo3e_IWy7WxuVRJoWFPHfJdCDXmeGeYuI2zrHrfISE4mj0OLwywYcb5yboCvmS5FjyeuSBtkSudsqz4X4ftrbv8GMdW5by-QhEHkOpg8KmJ0zvbJoYbKOlGcPHQatJ3Cmg1H3wQAyGwcqKNOmlWtNJUd-PtLyEkf1-QJR2j3T:1o2h3y:btQ_Zb4s37JjaykOQ0RjwukFjJYZMlyLT0a53I39uTk", "expire_date": "2022-07-02T22:37:06.951Z"}}, {"model": "sessions.session", "pk": "xjw30v6rtk2mrf04hosup6p4nqwl2t1j", "fields": {"session_data": ".eJxVjMsKwjAQAP8lZwl5dJPGo3e_IWy7WxuVRJoWFPHfJdCDXmeGeYuI2zrHrfISE4mj0OLwywYcb5yboCvmS5FjyeuSBtkSudsqz4X4ftrbv8GMdW5by-QhEHkOpg8KmJ0zvbJoYbKOlGcPHQatJ3Cmg1H3wQAyGwcqKNOmlWtNJUd-PtLyEkf1-QJR2j3T:1o36lX:oeeA2_uXOEksJtbjoilaW8nx0k13Z_SoeDyjLRIpsgQ", "expire_date": "2022-07-04T02:03:47.194Z"}}, {"model": "sessions.session", "pk": "yv04dcj59dih59n9xy8awy8uzysobr1b", "fields": {"session_data": ".eJxVjMsKgzAQAP8l5xLycBPjsfd-Q1jdtaYtiRiFltJ_L4IXrzPDfEWsXGsqOfJ7TstHdOoiIm7rFLfKS0wkOqHFifU4PDnvgh6Y70UOJa9L6uWeyMNWeSvEr-vRngYT1mnfWiYPgchzMG1QwOycaZVFC6N1pDx7aDBoPYIzDQy6DQaQ2ThQQRnx-wPsqD3T:1o1dcB:1yMzMS_fXbL3G0aLokuVMnaUaRNLhHgkwv8LisYq52U", "expire_date": "2022-06-30T00:44:03.361Z"}}, {"model": "sites.site", "pk": 1, "fields": {"domain": "example.com", "name": "example.com"}}, {"model": "account.emailaddress", "pk": 1, "fields": {"user": 1, "email": "test@admin.com", "verified": true, "primary": true}}, {"model": "account.emailaddress", "pk": 2, "fields": {"user": 2, "email": "fff@fff.com", "verified": true, "primary": true}}, {"model": "account.emailaddress", "pk": 3, "fields": {"user": 3, "email": "fffff@fff.fff", "verified": true, "primary": true}}, {"model": "products.category", "pk": 1, "fields": {"name": "coilover_kits", "friendly_name": "Coilover Kits"}}, {"model": "products.category", "pk": 2, "fields": {"name": "steering_kits", "friendly_name": "Steering Kits"}}, {"model": "products.category", "pk": 3, "fields": {"name": "camber_arm_kits", "friendly_name": "Camber Arm Kits"}}, {"model": "products.category", "pk": 4, "fields": {"name": "fast_road_brake_kits", "friendly_name": "Fast Road Braking Kits"}}, {"model": "products.category", "pk": 5, "fields": {"name": "racing_brake_kits", "friendly_name": "Racing Braking Kits"}}, {"model": "products.category", "pk": 6, "fields": {"name": "brake_fitting_kits", "friendly_name": "Brake Fitting Kits"}}, {"model": "products.category", "pk": 7, "fields": {"name": "brake_hose_kits", "friendly_name": "Brake Hose Kits"}}, {"model": "products.category", "pk": 8, "fields": {"name": "handbrake_kits", "friendly_name": "Handbrake Kits"}}, {"model": "products.category", "pk": 9, "fields": {"name": "engine_tuning_parts", "friendly_name": "Engine Tuning Parts"}}, {"model": "products.category", "pk": 10, "fields": {"name": "turbocharging_kits", "friendly_name": "Turbocharging Kits"}}, {"model": "products.category", "pk": 11, "fields": {"name": "engine_electronics", "friendly_name": "Engine Electronics"}}, {"model": "products.category", "pk": 12, "fields": {"name": "differentials", "friendly_name": "Differentials"}}, {"model": "products.category", "pk": 13, "fields": {"name": "safety_equipment", "friendly_name": "Safety Equipment"}}, {"model": "products.category", "pk": 14, "fields": {"name": "protective_equipment", "friendly_name": "Protective Equipment"}}, {"model": "products.category", "pk": 15, "fields": {"name": "timing", "friendly_name": "Timing"}}, {"model": "products.category", "pk": 16, "fields": {"name": "spoilers", "friendly_name": "Spoilers"}}, {"model": "products.category", "pk": 17, "fields": {"name": "splitters", "friendly_name": "Splitters"}}, {"model": "products.category", "pk": 18, "fields": {"name": "alloy_wheels", "friendly_name": "Alloy Wheels"}}, {"model": "products.category", "pk": 19, "fields": {"name": "audio", "friendly_name": "Audio"}}, {"model": "products.category", "pk": 20, "fields": {"name": "lighting", "friendly_name": "Lighting"}}, {"model": "products.category", "pk": 21, "fields": {"name": "oil_filters", "friendly_name": "Oil Filters"}}, {"model": "products.category", "pk": 22, "fields": {"name": "air_filters", "friendly_name": "Air Filters"}}, {"model": "products.category", "pk": 23, "fields": {"name": "fuel_filters", "friendly_name": "Fuel Filters"}}, {"model": "products.category", "pk": 24, "fields": {"name": "spark_plugs", "friendly_name": "Spark Plugs"}}, {"model": "products.category", "pk": 25, "fields": {"name": "glow_plugs", "friendly_name": "Glow Plugs"}}, {"model": "products.category", "pk": 26, "fields": {"name": "oils", "friendly_name": "Oils"}}, {"model": "products.category", "pk": 27, "fields": {"name": "motorsport_misc", "friendly_name": "Motorsport Misc."}}, {"model": "products.category", "pk": 28, "fields": {"name": "styling_misc", "friendly_name": "Styling Misc."}}, {"model": "products.category", "pk": 29, "fields": {"name": "service_misc", "friendly_name": "Service Misc."}}, {"model": "products.category", "pk": 30, "fields": {"name": "suspension_and_steering_misc", "friendly_name": "Suspension & Steering Misc."}}, {"model": "products.category", "pk": 31, "fields": {"name": "braking_misc", "friendly_name": "Braking Misc."}}, {"model": "products.manufacturer", "pk": 1, "fields": {"name": "audi", "friendly_name": "Audi"}}, {"model": "products.manufacturer", "pk": 2, "fields": {"name": "bmw", "friendly_name": "BMW"}}, {"model": "products.manufacturer", "pk": 3, "fields": {"name": "citreon", "friendly_name": "Citreon"}}, {"model": "products.manufacturer", "pk": 4, "fields": {"name": "daihatsu", "friendly_name": "Daihatsu"}}, {"model": "products.manufacturer", "pk": 5, "fields": {"name": "ford", "friendly_name": "Ford"}}, {"model": "products.manufacturer", "pk": 6, "fields": {"name": "hyundai", "friendly_name": "Hyundai"}}, {"model": "products.manufacturer", "pk": 7, "fields": {"name": "infinity", "friendly_name": "Infinity"}}, {"model": "products.manufacturer", "pk": 8, "fields": {"name": "jaguar", "friendly_name": "Jaguar"}}, {"model": "products.manufacturer", "pk": 9, "fields": {"name": "kia", "friendly_name": "Kia"}}, {"model": "products.manufacturer", "pk": 10, "fields": {"name": "lexus", "friendly_name": "Lexus"}}, {"model": "products.manufacturer", "pk": 11, "fields": {"name": "mazda", "friendly_name": "Mazda"}}, {"model": "products.manufacturer", "pk": 12, "fields": {"name": "nissan", "friendly_name": "Nissan"}}, {"model": "products.manufacturer", "pk": 13, "fields": {"name": "opel", "friendly_name": "Opel"}}, {"model": "products.manufacturer", "pk": 14, "fields": {"name": "porsche", "friendly_name": "Porsche"}}, {"model": "products.manufacturer", "pk": 15, "fields": {"name": "renault", "friendly_name": "Renault"}}, {"model": "products.manufacturer", "pk": 16, "fields": {"name": "subaru", "friendly_name": "Subaru"}}, {"model": "products.manufacturer", "pk": 17, "fields": {"name": "toyota", "friendly_name": "Toyota"}}, {"model": "products.manufacturer", "pk": 18, "fields": {"name": "volkswagen", "friendly_name": "Volkswagen"}}, {"model": "products.product", "pk": 1, "fields": {"category": 1, "stock_no": "co-hk-1", "name": "Fully adjustable 36 way coilover kit", "description": "Fully adjustable sports suspension coilover kit with 36 way adjustment for the best tunability to suit all drivers preferences. Comes with 5 year warranty.", "suits": "Hyundai Tuscon, Kia Sportage", "stock_qty": 1, "on_sale": false, "has_sizes": false, "price": "449.95", "rating": "4.60", "image_url": "https://raw.githubusercontent.com/BrianStritch/BS_Auto_parts/main/media/product_images/co-hk-1.JPG", "image": "co-hk-1.JPG"}}, {"model": "products.product", "pk": 2, "fields": {"category": 2, "stock_no": "sk-nis-1", "name": "Steering angle kit Nissan", "description": "Steering angle kit to suit Nissan S-chassis, gives additional 18 degrees steering angle for optimum drift angle.", "suits": "Nissan S12, S13, S14, S15, 180sx, 200sx, 240sx, silvia", "stock_qty": 1, "on_sale": false, "has_sizes": false, "price": "280.00", "rating": "4.80", "image_url": "https://raw.githubusercontent.com/BrianStritch/BS_Auto_parts/main/media/product_images/sk-nis-1.JPG", "image": "sk-nis-1.JPG"}}, {"model": "products.product", "pk": 3, "fields": {"category": 3, "stock_no": "cak-sub-1", "name": "Camber arm kit Subaru", "description": "Camber arm kit for GC8 Impreza 2.0T WRX STI, allows adjsutment of camber on all 4 wheels.", "suits": "Subaru Impreza GC8 WRX STI", "stock_qty": 1, "on_sale": false, "has_sizes": false, "price": "365.00", "rating": "4.10", "image_url": "https://raw.githubusercontent.com/BrianStritch/BS_Auto_parts/main/media/product_images/cak-sub-1.JPG", "image": "cak-sub-1.JPG"}}, {"model": "products.product", "pk": 4, "fields": {"category": 4, "stock_no": "frbk-vw-1", "name": "Fast road brake kit VW Golf MK6 GTI R-Line", "description": "Fast Road brake kit suitable for MK6 Golf R, which offers 40% more braking efficiency over factory applications.", "suits": "Volkswagen GOlf MK6 GTI R-Line", "stock_qty": 1, "on_sale": false, "has_sizes": false, "price": "169.99", "rating": "3.00", "image_url": "https://raw.githubusercontent.com/BrianStritch/BS_Auto_parts/main/media/product_images/frbk-vw-1.JPG", "image": "frbk-vw-1.JPG"}}, {"model": "products.product", "pk": 5, "fields": {"category": 5, "stock_no": "rbk-ren-1", "name": "Racing Brake Kit Clio Sport 182", "description": "Racing Brake Kit suits Renault Clio Sport 182. This kit offers full race specification and improves braking efficiency by 60% over factory applications.", "suits": "Renault Clio Sport 182", "stock_qty": 1, "on_sale": false, "has_sizes": false, "price": "232.99", "rating": "5.00", "image_url": "https://raw.githubusercontent.com/BrianStritch/BS_Auto_parts/main/media/product_images/rbk-ren-1.JPG", "image": "rbk-ren-1.JPG"}}, {"model": "products.product", "pk": 6, "fields": {"category": 6, "stock_no": "bfk-au-1", "name": "Brake fitting kit suits MK1 Audi TT", "description": "Hardened brass brake couplings suits Audi TT MK1, and offers the capability of higher maximum braking pressure.", "suits": "Audi TT MK1", "stock_qty": 1, "on_sale": false, "has_sizes": false, "price": "30.99", "rating": "3.80", "image_url": "https://raw.githubusercontent.com/BrianStritch/BS_Auto_parts/main/media/product_images/bfk-au-1.JPG", "image": "bfk-au-1.JPG"}}, {"model": "products.product", "pk": 7, "fields": {"category": 7, "stock_no": "bhk-toy-1", "name": "Brake Hose Kit Toyota GT86", "description": "Braided brake hose kit suits Toyota GT86", "suits": "Toyota GT86", "stock_qty": 1, "on_sale": false, "has_sizes": false, "price": "59.00", "rating": "4.40", "image_url": "https://raw.githubusercontent.com/BrianStritch/BS_Auto_parts/main/media/product_images/bhk-toy-1.JPG", "image": "bhk-toy-1.JPG"}}, {"model": "products.product", "pk": 8, "fields": {"category": 8, "stock_no": "hb-nis-1", "name": "Hydraulic handbrake unit suits Nissan", "description": "Hydraulic handbrake unit, specifically designed to operate with Nissan braking systems.", "suits": "Nissan", "stock_qty": 1, "on_sale": false, "has_sizes": false, "price": "245.00", "rating": "4.50", "image_url": "https://raw.githubusercontent.com/BrianStritch/BS_Auto_parts/main/media/product_images/hb-nis-1.JPG", "image": "hb-nis-1.JPG"}}, {"model": "products.product", "pk": 9, "fields": {"category": 9, "stock_no": "etp-maz-1", "name": "Performance Camshaft Kit Mazda 323 Interplay", "description": "Performance camshaft kit to suit Mazda 323 Interplay, which offers an increase of approx 9hp at 8000rpm. This kit must be used in conjunction with our valve spring kit.", "suits": "Mazda 323 Interplay", "stock_qty": 1, "on_sale": false, "has_sizes": false, "price": "799.99", "rating": "4.50", "image_url": "https://raw.githubusercontent.com/BrianStritch/BS_Auto_parts/main/media/product_images/etp-maz-1.JPG", "image": "etp-maz-1.JPG"}}, {"model": "products.product", "pk": 10, "fields": {"category": 10, "stock_no": "tck-toy-1", "name": "Turbocharger kit to suit Toyota Altezza Beams", "description": "Full turbocharger kit including ancilliaries to convert Altezza Beams N/A engine to forced induction.", "suits": "Toyota Altezza Beams", "stock_qty": 1, "on_sale": false, "has_sizes": false, "price": "33.99", "rating": "4.40", "image_url": "https://raw.githubusercontent.com/BrianStritch/BS_Auto_parts/main/media/product_images/tck-toy-1.JPG", "image": "tck-toy-1.JPG"}}, {"model": "products.product", "pk": 11, "fields": {"category": 11, "stock_no": "eman-por-1", "name": "Exhaust gas temperature monitor Porsche 911", "description": "Electronic exhaust gas temperature monitor kit, suitable to monitor high exhaust temperatures on Porsche 911 carrera models pronr to overheating.", "suits": "Porsche 911 Carrera", "stock_qty": 1, "on_sale": false, "has_sizes": false, "price": "1299.99", "rating": "3.80", "image_url": "https://github.com/BrianStritch/BS_Auto_parts/blob/main/media/product_images/eman-por-1.JPG", "image": "eman-por-1.JPG"}}, {"model": "products.product", "pk": 12, "fields": {"category": 12, "stock_no": "dif-lex-1", "name": "2-way differential unit Lexus Soarer", "description": "2-way performance differential to suit lexus soarer 1jz-gte manual vehicle.", "suits": "Lexus soarer", "stock_qty": 1, "on_sale": false, "has_sizes": false, "price": "799.99", "rating": "4.60", "image_url": "https://raw.githubusercontent.com/BrianStritch/BS_Auto_parts/main/media/product_images/dif-lex-1.JPG", "image": "dif-lex-1.JPG"}}, {"model": "products.product", "pk": 13, "fields": {"category": 13, "stock_no": "safe-1", "name": "5 point racing harness", "description": "5 point FIA racing harness kit universal fitting, best suited vehicle with bucket seats.", "suits": "Universal fitting", "stock_qty": 1, "on_sale": true, "has_sizes": true, "price": "210.00", "rating": "3.90", "image_url": "https://raw.githubusercontent.com/BrianStritch/BS_Auto_parts/main/media/product_images/safe-1.JPG", "image": "safe-1.JPG"}}, {"model": "products.product", "pk": 14, "fields": {"category": 14, "stock_no": "prot-1", "name": "Racing fireproof suit", "description": "Fireproof racing suit, amde with fire retardent fabric with FIA approval.", "suits": "universal fitting", "stock_qty": 1, "on_sale": true, "has_sizes": true, "price": "26.99", "rating": "4.70", "image_url": "https://raw.githubusercontent.com/BrianStritch/BS_Auto_parts/main/media/product_images/prot-1.JPG", "image": "prot-1.JPG"}}, {"model": "products.product", "pk": 15, "fields": {"category": 15, "stock_no": "time-1", "name": "Digital lap timer.", "description": "Digital lap timer for circuit racing, 20 lap maximum.", "suits": "", "stock_qty": 1, "on_sale": false, "has_sizes": false, "price": "48.99", "rating": "4.80", "image_url": "", "image": "time-1.JPG"}}, {"model": "products.product", "pk": 16, "fields": {"category": 16, "stock_no": "spo-dri-1", "name": "Trunk spoiler drift blade", "description": "High rise frift blade spoiler suits saloon body type and universal fitting.", "suits": "", "stock_qty": 1, "on_sale": false, "has_sizes": false, "price": "175.00", "rating": "4.40", "image_url": "https://raw.githubusercontent.com/BrianStritch/BS_Auto_parts/main/media/product_images/spo-dri-1.JPG", "image": "spo-dri-1.JPG"}}, {"model": "products.product", "pk": 17, "fields": {"category": 17, "stock_no": "spl-aud-1", "name": "Front splitter Audi A5 S5 S-line", "description": "Front splitter suits Audi A5/S5 Coupe S-line quattro, front bumper extension for added downforce.", "suits": "Audi A5 S5 S-line quattro", "stock_qty": 1, "on_sale": false, "has_sizes": false, "price": "110.00", "rating": "4.40", "image_url": "https://raw.githubusercontent.com/BrianStritch/BS_Auto_parts/main/media/product_images/spl-aud-1.JPG", "image": "spl-aud-1.JPG"}}, {"model": "products.product", "pk": 18, "fields": {"category": 18, "stock_no": "alloy-1", "name": "Alloy Wheel Style-1 17in", "description": "Multispoke 17in sports alloy Wheel set, 17 inch diameter with an ET-0 offset.", "suits": "Audi, Volkswagen, Porsche, Skoda, Seat 5x113.5", "stock_qty": 1, "on_sale": false, "has_sizes": false, "price": "450.00", "rating": "4.80", "image_url": "https://raw.githubusercontent.com/BrianStritch/BS_Auto_parts/main/media/product_images/alloy-1.JPG", "image": "alloy-1.JPG"}}, {"model": "products.product", "pk": 19, "fields": {"category": 19, "stock_no": "audio-1", "name": "Double Din touch screen Bluetooth radio headset", "description": "Double Din touch screen Bluetooth radio headset suits most makes and models. Requires professional fitting.", "suits": "", "stock_qty": 1, "on_sale": false, "has_sizes": false, "price": "325.00", "rating": "5.00", "image_url": "https://raw.githubusercontent.com/BrianStritch/BS_Auto_parts/main/media/product_images/audio-1.JPG", "image": "audio-1.JPG"}}, {"model": "products.product", "pk": 20, "fields": {"category": 20, "stock_no": "light-1", "name": "Interior glow lighting", "description": "Neon interior led glow lighting, can be retrofitted to most makes and models. Requires professional fitting.", "suits": "", "stock_qty": 1, "on_sale": false, "has_sizes": false, "price": "20.99", "rating": "4.70", "image_url": "https://raw.githubusercontent.com/BrianStritch/BS_Auto_parts/main/media/product_images/light-1.JPG", "image": "light-1.JPG"}}, {"model": "products.product", "pk": 21, "fields": {"category": 21, "stock_no": "oilf-hyki-1", "name": "oil filter hyundai/kia diesel", "description": "Replacement oil filter hyundai/kia 1.6 crdi diesel engines", "suits": "Hyundai Kia Diesel crdi", "stock_qty": 1, "on_sale": false, "has_sizes": false, "price": "21.99", "rating": "4.30", "image_url": "https://raw.githubusercontent.com/BrianStritch/BS_Auto_parts/main/media/product_images/oilf-hyki-1.JPG", "image": "oilf-hyki-1.JPG"}}, {"model": "products.product", "pk": 22, "fields": {"category": 22, "stock_no": "airf-toy-1", "name": "Air Filter element toyota vvti", "description": "Replacement air filter fits 1.0 to 1.6 vvti toyota corolla and yaris.", "suits": "Toyota Corolla", "stock_qty": 1, "on_sale": true, "has_sizes": false, "price": "34.99", "rating": "5.00", "image_url": "https://raw.githubusercontent.com/BrianStritch/BS_Auto_parts/main/media/product_images/airf-toy-1.JPG", "image": "airf-toy-1.JPG"}}, {"model": "products.product", "pk": 23, "fields": {"category": 23, "stock_no": "fuef-Volv-1", "name": "Fuel filter cartridge Volvo diesel", "description": "Replacement cartridge type fuel filter , suits 1.6 diesel engines.", "suits": "", "stock_qty": 1, "on_sale": false, "has_sizes": false, "price": "29.99", "rating": "4.80", "image_url": "https://raw.githubusercontent.com/BrianStritch/BS_Auto_parts/main/media/product_images/fuef-Volv-1.JPG", "image": "fuef-Volv-1.JPG"}}, {"model": "products.product", "pk": 24, "fields": {"category": 24, "stock_no": "splu-nis-1", "name": "Spark Plug set Nissan", "description": "Spark Plug set suits Nissan SR20DET engines", "suits": "", "stock_qty": 1, "on_sale": false, "has_sizes": false, "price": "82.00", "rating": "3.80", "image_url": "https://raw.githubusercontent.com/BrianStritch/BS_Auto_parts/main/media/product_images/splu-nis-1.JPG", "image": "splu-nis-1.JPG"}}, {"model": "products.product", "pk": 25, "fields": {"category": 25, "stock_no": "glop-vag-1", "name": "Glow plug set Audi 2.0TDI", "description": "Glow plug set suits VAG 2.0TDI engines.", "suits": "Audi Volkswagen Skoda Seat", "stock_qty": 1, "on_sale": false, "has_sizes": false, "price": "109.99", "rating": "5.00", "image_url": "https://raw.githubusercontent.com/BrianStritch/BS_Auto_parts/main/media/product_images/glop-vag-1.JPG", "image": "glop-vag-1.JPG"}}, {"model": "products.product", "pk": 26, "fields": {"category": 26, "stock_no": "oil-5w40", "name": "5w40 Engine oil", "description": "Premium brand 5w40 Engine oil, which meets all ACEA standards. ", "suits": "", "stock_qty": 1, "on_sale": false, "has_sizes": false, "price": "49.99", "rating": "4.40", "image_url": "https://raw.githubusercontent.com/BrianStritch/BS_Auto_parts/main/media/product_images/oil-5w40.JPG", "image": "oil-5w40.JPG"}}, {"model": "products.product", "pk": 27, "fields": {"category": 28, "stock_no": "styl-1", "name": "Premium Carbon effect vinyl tape", "description": "Premium Carbon effect vinyl tape, for use on interior plastic parts.", "suits": "", "stock_qty": 1, "on_sale": false, "has_sizes": false, "price": "14.99", "rating": "5.00", "image_url": "https://raw.githubusercontent.com/BrianStritch/BS_Auto_parts/main/media/product_images/styl-1.JPG", "image": "styl-1.JPG"}}, {"model": "products.product", "pk": 28, "fields": {"category": 27, "stock_no": "motsport-1", "name": "Racing number decal set", "description": "Racing Number Decal set with multiple colors to choose from.", "suits": "", "stock_qty": 1, "on_sale": false, "has_sizes": false, "price": "53.99", "rating": "4.30", "image_url": "https://raw.githubusercontent.com/BrianStritch/BS_Auto_parts/main/media/product_images/motsport-1.JPG", "image": "motsport-1.JPG"}}, {"model": "products.product", "pk": 29, "fields": {"category": 29, "stock_no": "serv-1", "name": "Mazda sump plug with washer ", "description": "Replacement sump plug with washer suits all Mazda engines.", "suits": "Mazda", "stock_qty": 1, "on_sale": false, "has_sizes": false, "price": "8.99", "rating": "4.60", "image_url": "https://raw.githubusercontent.com/BrianStritch/BS_Auto_parts/main/media/product_images/serv-1.JPG", "image": "serv-1.JPG"}}, {"model": "products.product", "pk": 30, "fields": {"category": 30, "stock_no": "susp-ste-1", "name": "Camber Bolt", "description": "Toyota front camber bolt kit suits corolla 1.4 vvti", "suits": "Toyota Corolla", "stock_qty": 1, "on_sale": false, "has_sizes": false, "price": "24.99", "rating": "5.00", "image_url": "https://raw.githubusercontent.com/BrianStritch/BS_Auto_parts/main/media/product_images/susp-ste-1.JPG", "image": "susp-ste-1.JPG"}}, {"model": "products.product", "pk": 31, "fields": {"category": 31, "stock_no": "brake-1", "name": "Brake pipe male fitting", "description": "Replacement male fitting for 1/4 brake piping.", "suits": "", "stock_qty": 1, "on_sale": false, "has_sizes": false, "price": "5.99", "rating": "4.00", "image_url": "https://raw.githubusercontent.com/BrianStritch/BS_Auto_parts/main/media/product_images/brake-1.JPG", "image": "brake-1.JPG"}}, {"model": "products.product", "pk": 32, "fields": {"category": 28, "stock_no": "lh-floor-bmw-e30", "name": "BMW E30 LH front floor Panle", "description": "LH front floor panel to suit BMW E30. Comes fitted as standard at no extra cost.", "suits": "BMW E30 3-series", "stock_qty": 2, "on_sale": false, "has_sizes": false, "price": "5.00", "rating": "4.80", "image_url": null, "image": "lh-floor-bmw-e30.JPG"}}, {"model": "favourites.favourites", "pk": 9, "fields": {"products": 23, "username": 2}}, {"model": "favourites.favourites", "pk": 13, "fields": {"products": 22, "username": 1}}, {"model": "favourites.favourites", "pk": 14, "fields": {"products": 14, "username": 1}}, {"model": "favourites.favourites", "pk": 17, "fields": {"products": 18, "username": 1}}, {"model": "productreviews.productreview", "pk": 1, "fields": {"product": 1, "title": "great product", "slug": "great-product", "author": 1, "updated_on": "2022-06-15T21:32:30.779Z", "content": "fit nice and handles great", "excerpt": "good fitting", "created_on": "2022-06-15T21:31:18.265Z", "status": 1, "likes": [1]}}, {"model": "productreviews.productreview", "pk": 2, "fields": {"product": 3, "title": "test3", "slug": "test3", "author": 1, "updated_on": "2022-06-16T23:05:19.783Z", "content": "testing", "excerpt": "rgvhdfyshc", "created_on": "2022-06-16T23:05:01.302Z", "status": 1, "likes": []}}, {"model": "productreviews.productreview", "pk": 3, "fields": {"product": 6, "title": "good fitting pipes", "slug": "good-fitting-pipes", "author": 1, "updated_on": "2022-06-17T01:36:01.955Z", "content": "good fitting pipes", "excerpt": "good fitting pipes", "created_on": "2022-06-17T01:35:22.283Z", "status": 1, "likes": []}}, {"model": "productreviews.productreviewcomment", "pk": 1, "fields": {"product_review": 1, "name": "dvcvxf", "email": "fffff@fff.fff", "body": "bdhvbyhjvcbj n", "created_on": "2022-06-16T21:27:01.395Z", "approved": true}}, {"model": "productreviews.productreviewcomment", "pk": 2, "fields": {"product_review": 1, "name": "gggg", "email": "ggg@hh.com", "body": "vhcxdvbyhrdvtunxbvc", "created_on": "2022-06-16T21:41:38.129Z", "approved": false}}, {"model": "productreviews.productreviewcomment", "pk": 3, "fields": {"product_review": 1, "name": "vgcdvyr", "email": "admin@admin.com", "body": "not approved comment", "created_on": "2022-06-16T21:41:58.793Z", "approved": true}}, {"model": "checkout.order", "pk": 1, "fields": {"order_number": "83110A7F9E46435A9BDC951D1CAFA76E", "user_profile": 1, "full_name": "brian S", "email": "test@admin.com", "phone_number": "0860422239", "country": "IE", "postcode": "A92 N4F1", "town_or_city": "Duleek", "street_address1": "21", "street_address2": "Ashvale Court", "county": "Co. Meath", "date": "2022-06-18T00:36:23.102Z", "delivery_cost": "0.00", "order_total": "280.00", "grand_total": "280.00", "original_bag": "{\"2\": 1}", "stripe_pid": "pi_3LBpdkFe61CNoFim1N4qZcQH"}}, {"model": "checkout.order", "pk": 2, "fields": {"order_number": "5A06B5090FC448D78C6B90C1005BAD99", "user_profile": 1, "full_name": "brian S", "email": "test@admin.com", "phone_number": "0860422239", "country": "IE", "postcode": "A92 N4F1", "town_or_city": "Duleek", "street_address1": "21", "street_address2": "Ashvale Court", "county": "Co. Meath", "date": "2022-06-18T00:43:06.963Z", "delivery_cost": "2.70", "order_total": "26.99", "grand_total": "29.69", "original_bag": "{\"14\": {\"items_by_size\": {\"xs\": 1, \"m\": 1, \"xl\": 1}}}", "stripe_pid": "pi_3LBpkXFe61CNoFim0lVIQ5Lv"}}, {"model": "checkout.order", "pk": 3, "fields": {"order_number": "1098792E1E3B4D02949F0C4BE90FA7FB", "user_profile": 1, "full_name": "brian S", "email": "test@admin.com", "phone_number": "0860422239", "country": "IE", "postcode": "A92 N4F1", "town_or_city": "Duleek", "street_address1": "21", "street_address2": "Ashvale Court", "county": "Co. Meath", "date": "2022-06-18T00:48:11.786Z", "delivery_cost": "0.00", "order_total": "365.00", "grand_total": "365.00", "original_bag": "{\"3\": 1}", "stripe_pid": "pi_3LBppTFe61CNoFim0gNpHlBA"}}, {"model": "checkout.orderlineitem", "pk": 1, "fields": {"order": 1, "product": 2, "product_size": null, "quantity": 1, "lineitem_total": "280.00"}}, {"model": "checkout.orderlineitem", "pk": 2, "fields": {"order": 2, "product": 14, "product_size": "xl", "quantity": 1, "lineitem_total": "26.99"}}, {"model": "checkout.orderlineitem", "pk": 3, "fields": {"order": 3, "product": 3, "product_size": null, "quantity": 1, "lineitem_total": "365.00"}}, {"model": "profiles.userprofile", "pk": 1, "fields": {"user": 1, "default_phone_number": "0860422239", "default_street_address1": "21", "default_street_address2": "Ashvale Court", "default_town_or_city": "Duleek", "default_county": "Co. Meath", "default_country": "IE", "default_postcode": "A92 N4F1"}}, {"model": "profiles.userprofile", "pk": 2, "fields": {"user": 2, "default_phone_number": null, "default_street_address1": null, "default_street_address2": null, "default_town_or_city": null, "default_county": null, "default_country": null, "default_postcode": null}}, {"model": "profiles.userprofile", "pk": 3, "fields": {"user": 3, "default_phone_number": null, "default_street_address1": null, "default_street_address2": null, "default_town_or_city": null, "default_county": null, "default_country": null, "default_postcode": null}}]